City_ID,City,Country,Date,Lat,Lng,Max Temp,Humidity,Cloudiness,Wind Speed
0,Hobart,AU,2022-07-18 23:15:37,-42.8794,147.3294,44.26,83,75,8.05
1,Beira,MZ,2022-07-18 23:15:37,-19.8436,34.8389,68.09,94,75,4.61
2,Bengkulu,ID,2022-07-18 23:15:38,-3.8004,102.2655,74.91,88,3,4.09
3,Arraial Do Cabo,BR,2022-07-18 23:11:06,-22.9661,-42.0278,71.1,85,94,10.89
4,Upernavik,GL,2022-07-18 23:10:56,72.7868,-56.1549,43.95,75,100,1.34
5,Mataura,NZ,2022-07-18 23:15:38,-46.1927,168.8643,45.48,95,100,1.61
6,Tambun,ID,2022-07-18 23:15:39,-6.2641,107.0712,78.69,89,53,2.93
7,Norman Wells,CA,2022-07-18 23:15:39,65.282,-126.8329,78.84,34,75,5.75
8,Vaini,TO,2022-07-18 23:11:08,-21.2,-175.2,78.96,83,40,12.66
9,Katsuura,JP,2022-07-18 23:15:40,35.1333,140.3,79.5,89,100,21.94
10,Krasnoselkup,RU,2022-07-18 23:15:40,65.7,82.4667,51.51,81,53,9.82
11,Labuan,MY,2022-07-18 23:15:41,5.2767,115.2417,79.16,94,20,0.0
12,Qaanaaq,GL,2022-07-18 23:15:41,77.484,-69.3632,45.12,59,0,5.3
13,Busselton,AU,2022-07-18 23:15:41,-33.65,115.3333,50.23,86,0,8.25
14,Saint Anthony,US,2022-07-18 23:15:42,45.0205,-93.218,95.92,48,0,11.5
15,Ponta Do Sol,PT,2022-07-18 23:11:30,32.6667,-17.1,71.71,81,10,3.94
16,Pisco,PE,2022-07-18 23:13:32,-13.7,-76.2167,62.65,77,0,6.91
17,Ngunguru,NZ,2022-07-18 23:13:25,-35.6167,174.5,61.29,80,91,17.49
18,Kristinehamn,SE,2022-07-18 23:15:43,59.3098,14.1081,59.56,92,67,5.46
19,Erenhot,CN,2022-07-18 23:15:43,43.6475,111.9767,74.52,26,100,7.2
20,Dingle,PH,2022-07-18 23:13:04,10.9995,122.6711,74.89,97,100,9.71
21,Kruisfontein,ZA,2022-07-18 23:15:44,-34.0033,24.7314,57.88,93,54,2.77
22,Touros,BR,2022-07-18 23:15:44,-5.1989,-35.4608,75.97,85,83,14.05
23,Esperance,AU,2022-07-18 23:13:16,-33.8667,121.9,51.64,89,33,5.44
24,Bluff,NZ,2022-07-18 23:15:44,-46.6,168.3333,45.81,74,100,15.3
25,Ushuaia,AR,2022-07-18 23:15:15,-54.8,-68.3,37.06,93,75,21.85
26,Talnakh,RU,2022-07-18 23:11:17,69.4865,88.3972,61.21,56,92,2.01
27,Kawalu,ID,2022-07-18 23:15:45,-7.3817,108.2082,71.38,97,98,0.76
28,Treinta Y Tres,UY,2022-07-18 23:15:46,-33.2333,-54.3833,46.92,82,1,2.21
29,Kangaatsiaq,GL,2022-07-18 23:15:46,68.3065,-53.4641,43.2,87,97,2.1
30,Vila Franca Do Campo,PT,2022-07-18 23:15:46,37.7167,-25.4333,72.01,92,35,1.9
31,Saldanha,ZA,2022-07-18 23:15:47,-33.0117,17.9442,50.05,79,0,10.16
32,Rio Gallegos,AR,2022-07-18 23:11:20,-51.6226,-69.2181,35.65,80,0,16.11
33,Punta Arenas,CL,2022-07-18 23:13:39,-53.15,-70.9167,39.31,87,75,31.07
34,Hermanus,ZA,2022-07-18 23:15:47,-34.4187,19.2345,54.81,82,98,3.15
35,Santiago Del Estero,AR,2022-07-18 23:15:48,-27.7951,-64.2615,58.17,39,0,6.93
36,Sabzevar,IR,2022-07-18 23:15:48,36.2126,57.6819,79.88,21,0,18.41
37,Asau,RO,2022-07-18 23:13:35,46.4333,26.4,57.96,84,78,3.69
38,Atuona,PF,2022-07-18 23:15:49,-9.8,-139.0333,77.65,67,62,16.11
39,Kapaa,US,2022-07-18 23:15:49,22.0752,-159.319,85.98,73,20,20.71
40,Novyy Urengoy,RU,2022-07-18 23:13:27,66.0833,76.6333,60.48,56,100,11.23
41,Ribeira Grande,PT,2022-07-18 23:15:50,38.5167,-28.7,72.43,91,27,6.24
42,Tiksi,RU,2022-07-18 23:14:57,71.6872,128.8694,34.83,89,100,18.72
43,Cuernavaca,MX,2022-07-18 23:16:50,18.9167,-99.25,78.31,56,100,3.44
44,Saskylakh,RU,2022-07-18 23:11:53,71.9167,114.0833,44.19,80,100,13.53
45,Oranjemund,NA,2022-07-18 23:16:51,-28.55,16.4333,55.15,94,33,6.26
46,Bubaque,GW,2022-07-18 23:16:51,11.2833,-15.8333,79.59,84,99,11.41
47,Qaqortoq,GL,2022-07-18 23:16:51,60.7167,-46.0333,47.91,77,100,4.36
48,Bundaberg,AU,2022-07-18 23:16:52,-24.85,152.35,63.21,68,14,5.01
49,Mount Isa,AU,2022-07-18 23:16:24,-20.7333,139.5,60.57,39,0,5.75
50,Carnarvon,AU,2022-07-18 23:16:52,-24.8667,113.6333,60.42,67,0,13.33
51,Saint-Louis,SN,2022-07-18 23:16:52,16.3333,-15.0,92.28,39,27,7.76
52,Nikolskoye,RU,2022-07-18 23:16:53,59.7035,30.7861,55.8,92,59,4.63
53,Mar Del Plata,AR,2022-07-18 23:12:55,-38.0023,-57.5575,46.87,81,0,5.75
54,Nanortalik,GL,2022-07-18 23:16:53,60.1432,-45.2371,46.56,81,81,4.41
55,Elizabeth City,US,2022-07-18 23:16:54,36.2946,-76.2511,89.06,77,0,13.8
56,Comodoro Rivadavia,AR,2022-07-18 23:16:54,-45.8667,-67.5,46.26,46,0,13.8
57,Port Alfred,ZA,2022-07-18 23:16:54,-33.5906,26.891,64.11,58,82,8.59
58,Skeldon,GY,2022-07-18 23:16:55,5.8833,-57.1333,76.98,92,94,4.43
59,Halifax,CA,2022-07-18 23:12:47,44.6453,-63.5724,73.53,75,91,3.0
60,Cherskiy,RU,2022-07-18 23:15:27,68.75,161.3,57.92,48,66,9.64
61,Sioux Lookout,CA,2022-07-18 23:15:26,50.1001,-91.917,82.47,44,75,8.05
62,Kroya,ID,2022-07-18 23:16:56,-7.6331,109.2461,75.52,90,99,6.38
63,Sao Gabriel Da Cachoeira,BR,2022-07-18 23:16:56,-0.1303,-67.0892,75.63,91,66,1.01
64,Vahan,AM,2022-07-18 23:16:56,40.5755,45.3977,59.58,55,18,3.09
65,Tuatapere,NZ,2022-07-18 23:16:57,-46.1333,167.6833,44.71,91,100,5.19
66,New Norfolk,AU,2022-07-18 23:16:57,-42.7826,147.0587,43.92,87,78,2.55
67,Mandera,KE,2022-07-18 23:16:57,3.9366,41.867,76.3,62,85,18.61
68,Piedras Negras,MX,2022-07-18 23:16:58,28.7,-100.5167,104.58,36,0,10.45
69,Ilhabela,BR,2022-07-18 23:16:58,-23.7781,-45.3581,68.81,93,99,4.34
70,Aleksandrov Gay,RU,2022-07-18 23:16:58,50.147,48.5704,71.56,66,2,16.4
71,Chuy,UY,2022-07-18 23:16:59,-33.6971,-53.4616,47.75,82,2,3.0
72,Puerto Ayora,EC,2022-07-18 23:16:59,-0.7393,-90.3518,69.55,94,92,3.0
73,Aklavik,CA,2022-07-18 23:13:01,68.2191,-135.0107,67.6,56,100,11.86
74,Haines Junction,CA,2022-07-18 23:17:00,60.7522,-137.5108,66.15,42,88,14.97
75,Aksu,CN,2022-07-18 23:17:00,41.1231,80.2644,77.68,28,13,4.27
76,Raton,US,2022-07-18 23:17:00,36.9034,-104.4391,91.74,54,0,12.66
77,Hualmay,PE,2022-07-18 23:14:19,-11.0964,-77.6139,63.5,79,65,11.12
78,Rikitea,PF,2022-07-18 23:17:01,-23.1203,-134.9692,74.66,75,14,11.39
79,Bandarbeyla,SO,2022-07-18 23:17:01,9.4942,50.8122,76.03,77,83,33.71
80,Rawson,AR,2022-07-18 23:17:02,-43.3002,-65.1023,44.44,49,55,15.32
81,Lompoc,US,2022-07-18 23:17:02,34.6391,-120.4579,84.85,58,0,14.97
82,Tabou,CI,2022-07-18 23:17:02,4.423,-7.3528,75.16,76,97,10.07
83,Yellowknife,CA,2022-07-18 23:17:03,62.456,-114.3525,73.92,49,75,4.61
84,Cape Town,ZA,2022-07-18 23:17:03,-33.9258,18.4232,55.9,81,0,6.91
85,Thompson,CA,2022-07-18 23:15:31,55.7435,-97.8558,75.36,53,40,5.75
86,Kavaratti,IN,2022-07-18 23:12:25,10.5669,72.642,80.2,81,100,21.83
87,Provideniya,RU,2022-07-18 23:17:04,64.3833,-173.3,44.71,81,75,15.99
88,Barrow,US,2022-07-18 23:18:04,71.2906,-156.7887,42.82,81,100,19.57
89,Hay River,CA,2022-07-18 23:15:25,60.8156,-115.7999,76.98,38,75,5.75
90,Airai,TL,2022-07-18 23:18:05,-8.9266,125.4092,54.25,53,93,2.68
91,Porto Belo,BR,2022-07-18 23:18:05,-27.1578,-48.5531,63.25,83,100,5.86
92,Leningradskiy,RU,2022-07-18 23:18:05,69.3833,178.4167,34.68,90,100,19.91
93,Arman,RU,2022-07-18 23:18:06,59.7,150.1667,61.02,80,99,5.55
94,Leshukonskoye,RU,2022-07-18 23:18:06,64.8989,45.7622,58.28,88,100,4.74
95,Xining,CN,2022-07-18 23:18:06,36.6167,101.7667,49.64,88,41,3.78
96,Ulaanbaatar,MN,2022-07-18 23:18:07,47.9077,106.8832,71.73,28,20,17.9
97,Albany,US,2022-07-18 23:18:07,42.6001,-73.9662,77.41,87,100,4.0
98,Deputatskiy,RU,2022-07-18 23:13:17,69.3,139.9,41.61,87,100,3.69
99,Tuktoyaktuk,CA,2022-07-18 23:18:07,69.4541,-133.0374,66.2,82,100,10.36
100,Jucas,BR,2022-07-18 23:18:08,-6.5253,-39.5275,74.61,43,6,3.38
101,Koumac,NC,2022-07-18 23:18:08,-20.5667,164.2833,76.95,80,69,6.24
102,Port Lincoln,AU,2022-07-18 23:13:32,-34.7333,135.8667,53.29,62,100,11.27
103,Portland,US,2022-07-18 23:14:11,45.5234,-122.6762,82.15,51,0,14.97
104,Vilhena,BR,2022-07-18 23:18:09,-12.7406,-60.1458,77.22,50,0,2.3
105,Saint-Joseph,RE,2022-07-18 23:18:09,-21.3667,55.6167,66.58,79,35,18.43
106,Aykhal,RU,2022-07-18 23:18:10,66.0,111.5,48.4,84,100,5.64
107,Verkhnyaya Maksakovka,RU,2022-07-18 23:18:10,61.635,50.9674,66.22,68,40,7.0
108,Castro,BR,2022-07-18 23:18:10,-24.7911,-50.0119,57.25,99,100,3.8
109,Georgetown,MY,2022-07-18 23:15:11,5.4112,100.3354,82.33,93,40,2.3
110,Tolaga Bay,NZ,2022-07-18 23:18:11,-38.3667,178.3,59.99,68,100,11.92
111,Iqaluit,CA,2022-07-18 23:18:11,63.7506,-68.5145,42.53,86,75,10.36
112,Suntar,RU,2022-07-18 23:18:12,62.1444,117.6319,60.69,90,100,5.77
113,Lebu,CL,2022-07-18 23:18:12,-37.6167,-73.65,45.09,76,91,3.65
114,Dikson,RU,2022-07-18 23:18:12,73.5069,80.5464,43.38,82,98,13.6
115,Karatuzskoye,RU,2022-07-18 23:18:13,53.6072,92.8667,50.29,90,62,3.96
116,Takahagi,JP,2022-07-18 23:18:13,36.7167,140.7167,82.09,84,100,2.66
117,Avarua,CK,2022-07-18 23:18:13,-21.2078,-159.775,75.25,73,75,8.05
118,Clyde River,CA,2022-07-18 23:15:36,70.4692,-68.5914,39.43,87,75,8.05
119,Cockburn Town,TC,2022-07-18 23:14:07,21.4612,-71.1419,81.73,81,0,17.81
120,Samarai,PG,2022-07-18 23:18:14,-10.6167,150.6667,80.1,82,21,9.08
121,Kiama,AU,2022-07-18 23:18:14,-34.6833,150.8667,53.01,69,78,5.01
122,Prince Rupert,CA,2022-07-18 23:18:15,54.3161,-130.3201,57.29,94,100,5.75
123,Songjianghe,CN,2022-07-18 23:18:15,42.1859,127.479,65.1,92,13,3.2
124,Chitral,PK,2022-07-18 23:18:16,35.8462,71.7858,76.89,77,2,2.55
125,Brigantine,US,2022-07-18 23:18:16,39.4101,-74.3646,81.19,84,0,10.36
126,Ahipara,NZ,2022-07-18 23:18:16,-35.1667,173.1667,62.1,81,87,12.37
127,Verkhnyaya Inta,RU,2022-07-18 23:18:17,65.9811,60.3094,58.89,75,12,3.36
128,Bethel,US,2022-07-18 23:18:17,41.3712,-73.414,76.03,92,100,11.5
129,Saint-Philippe,RE,2022-07-18 23:18:17,-21.3585,55.7679,67.59,79,62,18.57
130,Belmonte,BR,2022-07-18 23:18:18,-15.8631,-38.8828,71.29,80,20,7.09
131,Kemin,KG,2022-07-18 23:18:18,42.7846,75.6892,64.51,53,0,2.68
132,Stevens Point,US,2022-07-18 23:14:47,44.5236,-89.5746,90.39,45,40,8.05
133,Itabera,BR,2022-07-18 23:18:18,-23.8619,-49.1372,60.39,88,100,8.81
134,Burnie,AU,2022-07-18 23:17:52,-41.0667,145.9167,41.94,61,3,4.54
135,Hilo,US,2022-07-18 23:19:19,19.7297,-155.09,88.29,73,75,9.22
136,Pevek,RU,2022-07-18 23:19:19,69.7008,170.3133,32.99,83,100,4.38
137,Hasaki,JP,2022-07-18 23:19:17,35.7333,140.8333,82.8,87,100,14.54
138,Waldkirch,DE,2022-07-18 23:19:20,48.0959,7.9637,74.26,59,3,5.99
139,Klaksvik,FO,2022-07-18 23:19:20,62.2266,-6.589,50.92,88,100,12.66
140,Green River,US,2022-07-18 23:19:21,41.5286,-109.4662,90.0,25,43,8.01
141,Hithadhoo,MV,2022-07-18 23:19:21,-0.6,73.0833,81.39,76,100,12.01
142,Buttelborn,DE,2022-07-18 23:19:21,49.9033,8.5233,75.07,46,0,3.44
143,Lloydminster,CA,2022-07-18 23:17:39,53.2835,-110.0016,77.22,61,75,4.61
144,Bredasdorp,ZA,2022-07-18 23:19:22,-34.5322,20.0403,53.92,86,100,2.08
145,Torbay,CA,2022-07-18 23:18:02,47.6666,-52.7314,66.97,77,100,14.97
146,Bay Roberts,CA,2022-07-18 23:19:22,47.5999,-53.2648,67.75,88,52,8.99
147,Mangai,CD,2022-07-18 23:19:23,-4.05,19.5333,72.39,82,98,3.74
148,Mackay,AU,2022-07-18 23:15:31,-21.15,149.2,68.68,77,0,9.66
149,Kaitangata,NZ,2022-07-18 23:19:23,-46.2817,169.8464,46.4,91,100,7.96
150,San Juan De Los Lagos,MX,2022-07-18 23:19:24,21.25,-102.3,71.22,55,29,17.54
151,Challans,FR,2022-07-18 23:19:24,46.8436,-1.8749,88.72,24,1,15.52
152,Jamestown,US,2022-07-18 23:19:24,42.097,-79.2353,74.95,82,100,11.99
153,Soufriere,LC,2022-07-18 23:19:25,13.8562,-61.0566,82.06,74,75,19.57
154,Bathsheba,BB,2022-07-18 23:19:25,13.2167,-59.5167,83.01,86,40,19.57
155,Ardahan,TR,2022-07-18 23:19:25,41.1087,42.7022,57.67,92,95,4.03
156,Boende,CD,2022-07-18 23:19:26,-0.2167,20.8667,70.38,98,100,4.14
157,Jhinjhak,IN,2022-07-18 23:19:26,26.5667,79.7333,92.46,47,82,6.24
158,Andenes,NO,2022-07-18 23:19:26,69.3143,16.1194,51.78,93,100,4.61
159,Presidencia Roque Saenz Pena,AR,2022-07-18 23:19:27,-26.7852,-60.4388,55.02,61,100,3.8
160,Chester,US,2022-07-18 23:17:18,40.1254,-75.8749,80.22,95,40,5.75
161,Richards Bay,ZA,2022-07-18 23:19:27,-28.783,32.0377,66.4,81,0,11.63
162,Padang,ID,2022-07-18 23:19:28,-0.9492,100.3543,71.65,74,13,3.87
163,Plouzane,FR,2022-07-18 23:17:43,48.3833,-4.6167,80.92,54,0,6.91
164,Kodiak,US,2022-07-18 23:17:46,57.79,-152.4072,56.71,72,20,5.75
165,East London,ZA,2022-07-18 23:17:40,-33.0153,27.9116,69.12,35,13,9.78
166,Tombouctou,ML,2022-07-18 23:19:29,20.0,-3.0,97.43,22,100,8.41
167,Laguna,US,2022-07-18 23:19:29,38.421,-121.4238,105.15,14,0,11.5
168,Havoysund,NO,2022-07-18 23:19:29,70.9963,24.6622,52.03,97,96,8.28
169,Namatanai,PG,2022-07-18 23:19:30,-3.6667,152.4333,83.59,69,96,8.23
170,Fairbanks,US,2022-07-18 23:19:30,64.8378,-147.7164,62.6,68,100,16.11
171,Yar-Sale,RU,2022-07-18 23:19:30,66.8333,70.8333,57.56,58,78,7.63
172,Madera,US,2022-07-18 23:16:51,37.1666,-119.8343,105.57,12,17,8.41
173,Soe,ID,2022-07-18 23:19:31,-9.8607,124.284,58.93,81,84,3.78
174,Port Elizabeth,ZA,2022-07-18 23:19:31,-33.918,25.5701,61.32,93,20,4.61
175,Bachaquero,VE,2022-07-18 23:19:32,9.9694,-71.1494,82.9,78,44,7.25
176,Berlevag,NO,2022-07-18 23:19:09,70.8578,29.0864,59.0,77,40,8.05
177,Kayerkan,RU,2022-07-18 23:19:32,69.3497,87.7602,60.53,58,92,1.25
178,Praia Da Vitoria,PT,2022-07-18 23:19:32,38.7333,-27.0667,72.75,88,75,8.43
179,Manzil Salim,TN,2022-07-18 23:19:33,35.8567,8.4765,79.12,32,0,8.97
180,Ocampo,MX,2022-07-18 23:15:33,21.65,-101.5,62.37,62,78,12.08
181,Akdepe,TM,2022-07-18 23:19:33,42.0551,59.3788,80.69,26,0,9.64
182,Borzya,RU,2022-07-18 23:20:34,50.3833,116.5167,68.2,51,16,1.5
183,Shaunavon,CA,2022-07-18 23:20:34,49.6501,-108.4181,65.98,70,41,22.46
184,Coihaique,CL,2022-07-18 23:20:34,-45.5752,-72.0662,39.15,75,75,3.44
185,Petropavlovsk-Kamchatskiy,RU,2022-07-18 23:20:35,53.0452,158.6483,57.79,100,100,4.47
186,Berbera,SO,2022-07-18 23:20:35,10.4396,45.0143,90.82,36,97,30.36
187,Katobu,ID,2022-07-18 23:20:36,-4.9408,122.5276,74.95,89,85,3.33
188,Mahebourg,MU,2022-07-18 23:20:36,-20.4081,57.7,68.29,73,75,20.71
189,Issoire,FR,2022-07-18 23:20:36,45.55,3.25,70.86,43,0,5.23
190,Hashtrud,IR,2022-07-18 23:20:37,37.4779,47.0508,69.31,31,0,4.21
191,Carballo,ES,2022-07-18 23:20:37,43.213,-8.691,67.01,82,22,7.27
192,Severo-Kurilsk,RU,2022-07-18 23:19:55,50.6789,156.125,56.3,88,94,6.13
193,Mokhsogollokh,RU,2022-07-18 23:20:37,61.4681,128.9203,75.25,48,64,5.48
194,Murwillumbah,AU,2022-07-18 23:20:38,-28.3167,153.4,63.99,63,4,11.5
195,Kapoeta,SS,2022-07-18 23:20:38,4.7717,33.5903,72.93,80,96,4.61
196,Siderno,IT,2022-07-18 23:20:39,38.2779,16.302,80.33,59,0,4.07
197,Chokurdakh,RU,2022-07-18 23:20:39,70.6333,147.9167,43.25,62,83,13.51
198,Hami,CN,2022-07-18 23:20:39,42.8,93.45,77.83,32,92,6.62
199,Magdagachi,RU,2022-07-18 23:20:40,53.45,125.8,70.34,76,100,4.72
200,Powell River,CA,2022-07-18 23:17:40,49.8496,-124.5361,70.03,68,100,5.75
201,Kilindoni,TZ,2022-07-18 23:20:40,-7.9139,39.6668,76.06,75,18,16.44
202,Cabo San Lucas,MX,2022-07-18 23:16:19,22.8909,-109.9124,93.61,65,20,11.5
203,Novikovo,RU,2022-07-18 23:20:41,51.1537,37.8879,54.41,93,1,7.61
204,Henties Bay,NA,2022-07-18 23:20:41,-22.116,14.2845,57.81,85,1,3.69
205,Sakakah,SA,2022-07-18 23:20:41,29.9697,40.2064,92.77,19,2,6.49
206,Eyl,SO,2022-07-18 23:20:42,7.9803,49.8164,77.2,65,98,26.98
207,Sinegorskiy,RU,2022-07-18 23:20:42,48.0139,40.8447,59.92,58,0,7.92
208,Verkhnetulomskiy,RU,2022-07-18 23:20:42,68.6073,31.7962,51.93,94,97,3.74
209,Minas,UY,2022-07-18 23:17:27,-34.3759,-55.2377,45.48,86,43,4.43
210,Oktyabrskiy,RU,2022-07-18 23:20:43,54.4815,53.471,66.67,83,99,4.0
211,Tonneins,FR,2022-07-18 23:20:43,44.3921,0.3124,86.67,37,0,12.06
212,Khatanga,RU,2022-07-18 23:20:44,71.9667,102.5,53.24,74,100,4.05
213,Bandarban,BD,2022-07-18 23:20:44,22.1965,92.2262,75.92,97,99,2.82
214,Evans,US,2022-07-18 23:19:53,33.5337,-82.1307,93.24,59,20,12.66
215,Faanui,PF,2022-07-18 23:20:44,-16.4833,-151.75,76.55,68,63,6.38
216,Vertientes,CU,2022-07-18 23:20:45,21.2594,-78.1464,86.61,70,0,14.32
217,Hatillo,PR,2022-07-18 23:20:45,18.4863,-66.8254,84.07,83,14,5.99
218,Hambantota,LK,2022-07-18 23:20:45,6.1241,81.1185,78.31,83,48,13.09
219,Marshall,US,2022-07-18 23:15:51,34.3834,-86.3333,82.71,76,0,0.0
220,Oktyabrskoye,RU,2022-07-18 23:20:46,43.0645,44.7417,64.54,88,44,6.71
221,Codrington,AU,2022-07-18 23:20:46,-38.2667,141.9667,47.3,70,100,7.23
222,Waipawa,NZ,2022-07-18 23:20:46,-41.4122,175.5153,56.46,65,100,9.82
223,Necochea,AR,2022-07-18 23:20:47,-38.5473,-58.7368,42.91,75,25,8.57
224,Hamilton,US,2022-07-18 23:15:53,39.1834,-84.5333,84.92,68,40,5.75
225,Narsaq,GL,2022-07-18 23:20:47,60.9167,-46.05,57.42,71,100,2.28
226,Barra Patuca,HN,2022-07-18 23:20:48,15.8,-84.2833,80.69,87,100,13.47
227,Ukiah,US,2022-07-18 23:20:48,39.1502,-123.2078,101.16,22,0,8.01
228,Knysna,ZA,2022-07-18 23:20:48,-34.0363,23.0471,60.08,88,97,3.91
229,Neman,RU,2022-07-18 23:20:49,55.0311,22.0264,58.68,98,100,6.58
230,Carauari,BR,2022-07-18 23:21:49,-4.8828,-66.8958,81.01,73,100,2.35
231,Shache,CN,2022-07-18 23:21:50,38.4167,77.2406,78.71,16,0,7.58
232,Odweyne,SO,2022-07-18 23:21:50,9.4092,45.064,72.79,51,100,21.23
233,Lorengau,PG,2022-07-18 23:21:50,-2.0226,147.2712,82.65,72,96,5.26
234,Innisfail,AU,2022-07-18 23:17:39,-17.5333,146.0333,67.82,76,11,7.72
235,Montrose,US,2022-07-18 23:21:51,38.4166,-108.2673,81.97,20,71,12.97
236,Flinders,AU,2022-07-18 23:21:51,-34.5833,150.8552,51.39,68,57,11.99
237,Acari,PE,2022-07-18 23:21:52,-15.4311,-74.6158,66.42,72,68,5.41
238,Harbour Breton,CA,2022-07-18 23:21:52,47.4833,-55.7983,59.74,96,96,8.68
239,Tautira,PF,2022-07-18 23:21:52,-17.7333,-149.15,75.45,74,13,6.76
240,Druzhba,UA,2022-07-18 23:21:53,52.0428,33.9453,50.94,93,16,5.91
241,Santa Maria,BR,2022-07-18 23:21:17,-29.6842,-53.8069,47.5,100,0,2.3
242,Sault Sainte Marie,CA,2022-07-18 23:18:20,46.5168,-84.3333,82.96,57,0,9.22
243,Port Hueneme,US,2022-07-18 23:21:53,34.1478,-119.1951,101.5,66,0,9.22
244,Buritis,BR,2022-07-18 23:21:54,-15.6178,-46.4233,71.19,42,2,3.71
245,Eureka,US,2022-07-18 23:21:54,40.8021,-124.1637,74.19,69,27,5.99
246,Hofn,IS,2022-07-18 23:21:54,64.2539,-15.2082,50.85,84,81,9.53
247,Kurilsk,RU,2022-07-18 23:21:55,45.2333,147.8833,58.66,97,99,6.46
248,Half Moon Bay,US,2022-07-18 23:21:55,37.4636,-122.4286,96.55,69,0,27.63
249,Banikoara,BJ,2022-07-18 23:21:55,11.2985,2.4386,70.88,92,38,5.41
250,Taoudenni,ML,2022-07-18 23:21:56,22.6783,-3.9836,99.32,6,0,6.98
251,Honavar,IN,2022-07-18 23:21:56,14.2833,74.45,77.32,86,99,4.81
252,Edea,CM,2022-07-18 23:21:56,3.8,10.1333,72.34,96,100,2.01
253,Soria,ES,2022-07-18 23:21:57,41.6667,-2.6667,74.1,50,14,5.03
254,Lianyuan,CN,2022-07-18 23:21:57,27.6883,111.6642,76.86,97,100,3.33
255,Mormugao,IN,2022-07-18 23:21:57,15.4,73.8,78.17,84,93,9.31
256,Sao Pedro Do Sul,BR,2022-07-18 23:21:58,-29.6206,-54.1789,47.05,85,17,3.18
257,San Cristobal,VE,2022-07-18 23:18:58,7.7669,-72.225,68.2,89,100,2.66
258,Sechelt,CA,2022-07-18 23:21:58,49.4664,-123.7694,70.45,72,83,8.08
259,Khor,RU,2022-07-18 23:21:59,47.8861,134.9464,61.2,92,98,7.29
260,Garden City,US,2022-07-18 23:21:59,42.3256,-83.331,89.82,43,40,11.5
261,Dzilam Gonzalez,MX,2022-07-18 23:21:59,21.2833,-88.9333,88.36,60,66,10.83
262,Kamenka,RU,2022-07-18 23:22:00,51.3223,42.7678,55.33,89,0,12.21
263,Berea,US,2022-07-18 23:22:00,41.3662,-81.8543,83.64,64,20,12.66
264,Cayenne,GF,2022-07-18 23:22:01,4.9333,-52.3333,79.09,1,0,0.0
265,Emmett,US,2022-07-18 23:22:01,43.8735,-116.4993,91.69,15,0,1.99
266,Komsomolskiy,UZ,2022-07-18 23:22:01,40.4272,71.7189,79.52,27,0,9.22
267,Volodarka,UA,2022-07-18 23:22:02,49.5248,29.9122,60.48,62,58,5.26
268,Cervo,ES,2022-07-18 23:22:02,43.6702,-7.4101,63.97,89,57,5.14
269,Kyra,RU,2022-07-18 23:22:03,49.5776,111.9753,65.17,68,7,2.06
270,Erdenet,MN,2022-07-18 23:18:42,49.0333,104.0833,58.1,76,72,1.07
271,Ambon,ID,2022-07-18 23:22:03,-3.6954,128.1814,77.23,15,75,2.3
272,Santa Barbara,US,2022-07-18 23:22:04,34.7333,-120.0343,90.16,16,0,6.91
273,Shahr-E Babak,IR,2022-07-18 23:22:04,30.1165,55.1186,74.68,12,0,4.81
274,Rogovatoye,RU,2022-07-18 23:22:04,51.23,38.3818,52.59,95,1,8.52
275,Brownsville,US,2022-07-18 23:20:15,25.9018,-97.4975,95.09,58,20,19.57
276,Butaritari,KI,2022-07-18 23:23:05,3.0707,172.7902,82.58,75,10,19.57
277,Agirish,RU,2022-07-18 23:23:05,61.9247,63.0231,58.05,60,0,1.41
278,Eyemouth,GB,2022-07-18 23:23:06,55.8713,-2.0901,68.23,64,53,8.99
279,Zhigansk,RU,2022-07-18 23:23:06,66.7697,123.3711,52.72,78,100,16.6
280,Mogadishu,SO,2022-07-18 23:23:06,2.0371,45.3438,75.51,81,85,19.57
281,Gazojak,TM,2022-07-18 23:23:07,41.1875,61.4036,85.86,26,0,12.82
282,Ust-Nera,RU,2022-07-18 23:23:07,64.5667,143.2,78.17,56,100,7.52
283,El Paso,US,2022-07-18 23:20:35,31.8001,-106.2005,102.13,11,20,10.36
284,Bambous Virieux,MU,2022-07-18 23:22:03,-20.3428,57.7575,68.25,73,75,20.71
285,Yerbogachen,RU,2022-07-18 23:23:08,61.2767,108.0108,62.51,68,37,7.31
286,Farafangana,MG,2022-07-18 23:23:08,-22.8167,47.8333,68.32,76,100,12.41
287,Dudinka,RU,2022-07-18 23:23:09,69.4058,86.1778,61.63,64,79,10.4
288,Plougastel-Daoulas,FR,2022-07-18 23:23:09,48.3667,-4.3667,80.89,54,0,6.91
289,Sohag,EG,2022-07-18 23:23:09,26.557,31.6948,85.39,21,6,6.76
290,Buala,SB,2022-07-18 23:23:10,-8.145,159.5921,84.4,65,27,5.79
291,Shingu,JP,2022-07-18 23:18:26,33.7333,135.9833,80.69,85,100,7.83
292,Makakilo City,US,2022-07-18 23:23:10,21.3469,-158.0858,84.52,64,100,18.41
293,Beringovskiy,RU,2022-07-18 23:23:11,63.05,179.3167,54.12,51,8,23.58
294,Nome,US,2022-07-18 23:23:11,64.5011,-165.4064,44.67,76,100,21.85
295,Gwanda,ZW,2022-07-18 23:23:11,-20.9333,29.0,58.06,64,95,3.98
296,Vostok,RU,2022-07-18 23:21:54,46.4856,135.8833,67.6,77,85,2.17
297,Lavrentiya,RU,2022-07-18 23:23:12,65.5833,-171.0,37.69,98,100,15.79
298,Paso De Carrasco,UY,2022-07-18 23:23:12,-34.8603,-56.0522,46.54,93,58,0.0
299,Saint George,US,2022-07-18 23:23:13,37.1041,-113.5841,102.94,19,0,18.41
300,La Ronge,CA,2022-07-18 23:20:46,55.1001,-105.2842,84.42,28,40,8.05
301,Russell,US,2022-07-18 23:23:13,32.3502,-85.1999,91.0,58,0,4.61
302,Nanga Eboko,CM,2022-07-18 23:23:14,4.6833,12.3667,67.15,99,98,4.83
303,Pindiga,NG,2022-07-18 23:23:14,9.9833,10.9333,72.63,84,94,5.14
304,Urumqi,CN,2022-07-18 23:23:14,43.801,87.6005,72.55,46,20,4.47
305,Porto Novo,BJ,2022-07-18 23:19:20,6.4965,2.6036,76.82,83,82,6.04
306,Kamyaran,IR,2022-07-18 23:23:15,34.7956,46.9355,76.98,17,0,5.84
307,Naze,JP,2022-07-18 23:23:15,28.3667,129.4833,83.32,85,100,16.44
308,Rochegda,RU,2022-07-18 23:23:16,62.8,43.25,57.63,95,100,6.29
309,Chilliwack,CA,2022-07-18 23:20:02,49.1747,-121.9443,69.19,75,99,3.44
310,Aksarka,RU,2022-07-18 23:23:16,66.5606,67.7975,59.07,66,99,6.24
311,Inongo,CD,2022-07-18 23:23:17,-1.95,18.2667,66.74,95,90,4.7
312,Carbonia,IT,2022-07-18 23:23:17,39.1672,8.5222,79.45,66,0,3.98
313,Vaitape,PF,2022-07-18 23:23:17,-16.5167,-151.75,76.64,67,66,6.31
314,Bambanglipuro,ID,2022-07-18 23:23:18,-7.95,110.2833,73.72,91,76,5.32
315,Ambilobe,MG,2022-07-18 23:23:18,-13.2,49.05,65.21,70,80,7.05
316,Bontang,ID,2022-07-18 23:23:19,0.1333,117.5,78.73,84,96,1.66
317,Lakes Entrance,AU,2022-07-18 23:23:19,-37.8811,147.981,44.17,75,98,3.78
318,Tasiilaq,GL,2022-07-18 23:23:19,65.6145,-37.6368,41.16,84,49,1.05
319,Gravdal,NO,2022-07-18 23:23:20,68.1214,13.5031,52.16,81,76,7.54
320,Sovetskaya Gavan,RU,2022-07-18 23:23:20,48.9723,140.2878,56.34,98,100,3.13
321,Monteagudo,BO,2022-07-18 23:24:21,-19.8167,-63.9833,65.61,76,70,3.13
322,Veraval,IN,2022-07-18 23:24:21,20.9,70.3667,80.58,85,100,14.36
323,Alofi,NU,2022-07-18 23:24:21,-19.0595,-169.9187,78.69,69,75,17.27
324,The Valley,AI,2022-07-18 23:24:22,18.217,-63.0578,82.54,74,40,11.5
325,Biak,ID,2022-07-18 23:24:22,-0.9131,122.8766,74.1,86,100,7.74
326,Mitsamiouli,KM,2022-07-18 23:24:23,-11.3847,43.2844,75.52,74,34,11.7
327,Grimshaw,CA,2022-07-18 23:24:23,56.1834,-117.6027,80.22,39,20,23.02
328,Cidreira,BR,2022-07-18 23:24:23,-30.1811,-50.2056,56.79,92,0,3.8
329,Turgoyak,RU,2022-07-18 23:24:24,55.15,60.1183,59.65,97,9,1.86
330,Victoria,HK,2022-07-18 23:23:42,22.2855,114.1577,86.38,85,100,8.99
331,Pangnirtung,CA,2022-07-18 23:24:24,66.1451,-65.7125,48.31,69,98,2.86
332,Cheremukhovo,RU,2022-07-18 23:24:25,60.3484,59.9851,57.96,96,4,1.25
333,Avera,US,2022-07-18 23:24:00,33.194,-82.5271,89.65,59,80,8.81
334,Byron Bay,AU,2022-07-18 23:24:05,-28.65,153.6167,52.72,76,13,9.75
335,Pasighat,IN,2022-07-18 23:24:25,28.0667,95.3333,76.24,99,100,2.37
336,Mayo,US,2022-07-18 23:24:26,38.8876,-76.5119,85.98,81,40,3.44
337,Husavik,IS,2022-07-18 23:24:26,66.0449,-17.3389,50.92,82,82,3.96
338,Phek,IN,2022-07-18 23:24:26,25.6667,94.5,60.31,99,95,1.16
339,Sivas,TR,2022-07-18 23:24:27,39.7916,37.0019,57.83,88,40,16.11
340,San Carlos De Bariloche,AR,2022-07-18 23:24:27,-41.1456,-71.3082,29.95,74,0,3.44
341,Cururupu,BR,2022-07-18 23:24:27,-1.8283,-44.8683,74.66,92,38,4.23
342,Muros,ES,2022-07-18 23:24:28,42.7762,-9.0603,68.09,78,14,9.75
343,Grand Gaube,MU,2022-07-18 23:24:28,-20.0064,57.6608,68.4,70,67,11.99
344,Ancud,CL,2022-07-18 23:24:28,-41.8697,-73.8203,42.22,74,13,8.01
345,South Portland,US,2022-07-18 23:24:29,43.6415,-70.2409,74.12,94,100,12.66
346,San Luis,AR,2022-07-18 23:21:12,-33.295,-66.3356,46.58,37,8,13.87
347,Sidi Ali,DZ,2022-07-18 23:24:29,36.0998,0.4206,75.61,75,0,4.16
348,Pasni,PK,2022-07-18 23:24:30,25.2631,63.471,82.96,89,33,12.21
349,Kudahuvadhoo,MV,2022-07-18 23:24:30,2.6708,72.8944,82.22,75,99,13.96
350,San Patricio,US,2022-07-18 23:24:30,28.017,-97.5169,96.19,52,48,16.6
351,Westport,US,2022-07-18 23:24:31,41.1415,-73.3579,79.09,97,100,5.01
352,Coria,ES,2022-07-18 23:24:31,39.9879,-6.5377,72.45,49,0,6.8
353,Labuhan,ID,2022-07-18 23:24:32,-6.8844,112.2051,75.74,87,99,7.18
354,Te Anau,NZ,2022-07-18 23:24:32,-45.4167,167.7167,41.9,97,100,4.38
355,Ypsonas,CY,2022-07-18 23:24:32,34.6884,32.9574,84.27,61,0,9.22
356,Mahajanga,MG,2022-07-18 23:24:33,-15.7167,46.3167,66.22,68,20,6.91
357,Capim Grosso,BR,2022-07-18 23:24:33,-11.3811,-40.0128,69.51,82,53,13.38
358,Salmas,IR,2022-07-18 23:24:34,38.1973,44.7653,72.64,39,11,2.24
359,Shenjiamen,CN,2022-07-18 23:24:34,29.9576,122.298,77.38,96,100,2.55
360,Banjarmasin,ID,2022-07-18 23:24:34,-3.3244,114.591,73.53,88,61,1.48
361,San Andres,CO,2022-07-18 23:24:35,12.5847,-81.7006,84.22,79,75,14.97
362,Okitipupa,NG,2022-07-18 23:24:35,6.5047,4.7839,72.45,90,90,2.17
363,Mao,ES,2022-07-18 23:24:35,39.8885,4.2658,77.56,88,0,4.61
364,Manaure,CO,2022-07-18 23:24:36,11.7751,-72.4445,85.03,65,73,22.32
365,Akhalgori,GE,2022-07-18 23:24:36,42.126,44.4833,66.58,72,86,4.47
366,Olafsvik,IS,2022-07-18 23:24:36,64.8945,-23.7142,53.22,76,99,5.26
367,Fortuna,US,2022-07-18 23:25:37,40.5982,-124.1573,73.92,64,18,1.99
368,Hermosillo,MX,2022-07-18 23:25:37,29.0667,-110.9667,103.21,32,75,9.22
369,Sola,VU,2022-07-18 23:25:38,-13.8833,167.55,80.64,77,35,20.56
370,Salalah,OM,2022-07-18 23:25:38,17.0151,54.0924,77.09,94,100,4.61
371,Constitucion,CL,2022-07-18 23:20:56,-35.3333,-72.4167,49.8,90,92,8.75
372,Batemans Bay,AU,2022-07-18 23:25:38,-35.7167,150.1833,50.09,61,83,8.48
373,Talavera,PH,2022-07-18 23:25:39,15.6167,120.9333,78.3,85,94,1.9
374,Krasnogorskoye,RU,2022-07-18 23:25:39,52.2953,86.1979,52.88,93,89,4.32
375,Verkhnevilyuysk,RU,2022-07-18 23:25:39,63.4453,120.3167,63.84,88,100,5.01
376,Kendari,ID,2022-07-18 23:25:40,-3.945,122.4989,73.98,94,100,1.86
377,Coquimbo,CL,2022-07-18 23:23:17,-29.9533,-71.3436,55.13,87,0,4.61
378,Mattawa,US,2022-07-18 23:25:40,46.7379,-119.9028,87.01,22,0,9.06
379,High Level,CA,2022-07-18 23:25:41,58.5169,-117.136,78.91,44,75,6.91
380,Warri,NG,2022-07-18 23:25:41,5.5167,5.75,73.36,84,93,3.44
381,Yenagoa,NG,2022-07-18 23:25:41,4.9247,6.2642,73.35,83,99,4.65
382,Quatre Cocos,MU,2022-07-18 23:25:42,-20.2078,57.7625,68.11,69,63,23.31
383,Danilovka,RU,2022-07-18 23:25:42,50.3557,44.1168,58.37,73,0,9.17
384,Alma,CA,2022-07-18 23:25:42,48.5501,-71.6491,85.21,66,80,8.68
385,Sao Geraldo Do Araguaia,BR,2022-07-18 23:25:43,-6.4006,-48.555,84.27,38,68,0.58
386,Zharkent,KZ,2022-07-18 23:25:43,44.1628,80.0,68.36,42,5,1.72
387,Vardo,NO,2022-07-18 23:25:43,70.3705,31.1107,53.58,87,20,0.0
388,Saint-Pierre,RE,2022-07-18 23:25:44,-21.3393,55.4781,67.68,68,20,18.41
389,San Policarpo,PH,2022-07-18 23:25:44,12.1791,125.5072,80.33,83,96,7.18
390,Cedar City,US,2022-07-18 23:24:56,37.6775,-113.0619,88.77,22,20,8.05
391,Brae,GB,2022-07-18 23:25:45,60.3964,-1.353,55.65,91,76,8.21
392,Ndele,CF,2022-07-18 23:25:45,8.4109,20.6473,68.99,98,84,2.66
393,Selizharovo,RU,2022-07-18 23:25:45,56.8519,33.4487,49.32,88,81,4.47
394,Iquique,CL,2022-07-18 23:25:46,-20.2208,-70.1431,57.24,81,53,5.41
395,Tiarei,PF,2022-07-18 23:25:46,-17.5333,-149.3333,82.42,72,12,5.32
396,Kumano,JP,2022-07-18 23:25:46,34.3442,132.5894,77.92,99,100,12.15
397,Severnoye,RU,2022-07-18 23:25:47,56.3491,78.3619,54.34,86,64,5.61
398,Mehamn,NO,2022-07-18 23:25:47,71.0357,27.8492,58.95,77,100,4.61
399,Naron,ES,2022-07-18 23:25:47,43.5167,-8.1528,68.02,84,2,8.1
400,Kribi,CM,2022-07-18 23:25:48,2.95,9.9167,75.83,84,97,7.18
401,Kungurtug,RU,2022-07-18 23:25:48,50.5994,97.5228,50.76,97,100,3.65
402,Kavieng,PG,2022-07-18 23:21:46,-2.5744,150.7967,83.53,73,100,12.12
403,Flin Flon,CA,2022-07-18 23:25:49,54.7682,-101.865,84.04,34,40,5.75
404,Solton,RU,2022-07-18 23:25:49,52.8429,86.4787,52.47,97,92,7.14
405,Sisimiut,GL,2022-07-18 23:25:49,66.9395,-53.6735,45.09,90,100,2.42
406,Road Town,VG,2022-07-18 23:25:50,18.4167,-64.6167,82.44,74,40,13.8
407,General Roca,AR,2022-07-18 23:25:50,-39.0333,-67.5833,43.63,32,91,6.85
408,Palmer,US,2022-07-18 23:25:14,42.1584,-72.3287,76.55,86,100,12.66
409,Auki,SB,2022-07-18 23:25:51,-8.7676,160.7034,83.21,67,24,3.22
410,Roma,US,2022-07-18 23:21:21,43.2128,-75.4557,78.94,79,75,8.05
411,Ipameri,BR,2022-07-18 23:25:51,-17.7219,-48.1597,67.89,36,0,5.73
412,Geraldton,AU,2022-07-18 23:25:51,-28.7667,114.6,52.21,93,32,9.22
413,Coahuayana,MX,2022-07-18 23:25:52,18.7333,-103.6833,86.68,67,98,4.54
414,Tawang,IN,2022-07-18 23:25:52,27.5833,91.8667,57.45,99,100,1.99
415,Semnan,IR,2022-07-18 23:25:52,35.5729,53.3971,89.44,13,0,11.5
416,Along,IN,2022-07-18 23:26:53,28.1667,94.7667,75.4,100,100,0.63
417,Nishihara,JP,2022-07-18 23:26:53,26.1842,127.7558,85.68,84,75,12.66
418,Biltine,TD,2022-07-18 23:26:07,14.5333,20.9167,84.97,54,32,10.92
419,Port Hardy,CA,2022-07-18 23:26:54,50.6996,-127.4199,62.78,72,75,11.5
420,Tashla,RU,2022-07-18 23:26:54,51.7716,52.7427,75.83,48,12,8.9
421,Sao Joao Da Barra,BR,2022-07-18 23:26:55,-21.6403,-41.0511,71.22,87,2,9.82
422,Askiz,RU,2022-07-18 23:26:55,53.1319,90.5264,52.52,78,69,6.11
423,Murfreesboro,US,2022-07-18 23:26:55,35.8456,-86.3903,86.65,75,0,8.05
424,Baculin,PH,2022-07-18 23:26:56,7.4525,126.5842,78.93,83,99,2.1
425,Payo,ID,2022-07-18 23:26:56,-3.7508,103.6372,71.94,98,55,2.33
426,Ilulissat,GL,2022-07-18 23:26:57,69.2167,-51.1,50.02,66,20,3.44
427,Tsurib,RU,2022-07-18 23:26:57,42.2368,46.8307,61.92,84,59,4.97
428,Wagar,SD,2022-07-18 23:26:57,16.1525,36.2032,86.63,52,35,23.73
429,Alghero,IT,2022-07-18 23:26:58,40.5589,8.3181,75.29,88,0,2.3
430,Saint-Augustin,CA,2022-07-18 23:26:58,51.226,-58.6502,67.33,69,81,9.78
431,Floriano,BR,2022-07-18 23:24:40,-6.7669,-43.0225,79.39,30,21,5.99
432,Sitka,US,2022-07-18 23:27:00,57.0531,-135.33,55.29,82,100,4.61
433,Lagoa,PT,2022-07-18 23:26:20,39.05,-27.9833,69.31,89,82,11.72
434,Dauphin,CA,2022-07-18 23:27:00,51.1494,-100.0502,82.54,54,0,12.66
435,Adrar,MR,2022-07-18 23:27:02,20.5022,-10.0711,96.13,15,57,5.28
436,Fare,PF,2022-07-18 23:27:03,-16.7,-151.0167,75.54,71,9,4.18
437,Bonthe,SL,2022-07-18 23:27:04,7.5264,-12.505,76.69,84,99,15.08
438,Nicoya,CR,2022-07-18 23:27:05,10.1483,-85.452,77.67,90,100,2.15
439,Kijang,KR,2022-07-18 23:27:05,35.2442,129.2139,78.53,95,74,5.37
440,Ayan,RU,2022-07-18 23:27:06,56.45,138.1667,56.73,97,100,10.51
441,Mahon,ES,2022-07-18 23:24:35,39.8885,4.2658,77.56,88,0,4.61
442,Jalu,LY,2022-07-18 23:27:06,29.0331,21.5482,83.98,34,0,11.36
443,Neustrelitz,DE,2022-07-18 23:27:06,53.3667,13.0833,64.9,58,93,3.06
444,Sainte-Maxime,FR,2022-07-18 23:27:07,43.3,6.6333,82.94,66,49,3.24
445,Yuancheng,CN,2022-07-18 23:27:07,36.652,107.7896,64.85,57,100,8.1
446,Kathu,TH,2022-07-18 23:27:08,7.9178,98.3332,86.76,82,51,12.17
447,Ostersund,SE,2022-07-18 23:27:08,63.1792,14.6357,50.45,93,100,4.61
448,Gejiu,CN,2022-07-18 23:27:08,23.306,103.1635,58.96,95,96,1.95
449,Manjacaze,MZ,2022-07-18 23:27:09,-24.7117,33.8828,63.18,96,0,4.18
450,Bafoulabe,ML,2022-07-18 23:27:09,13.8065,-10.8321,82.76,71,97,4.99
451,Sao Jose Da Coroa Grande,BR,2022-07-18 23:27:09,-8.8978,-35.1478,75.61,81,20,13.49
452,Tshikapa,CD,2022-07-18 23:27:10,-6.4167,20.8,77.18,33,45,1.45
453,Tazovskiy,RU,2022-07-18 23:27:10,67.4667,78.7,52.63,72,79,10.67
454,Tongliao,CN,2022-07-18 23:27:10,43.6125,122.2653,72.03,83,100,8.72
455,Mandalay,MM,2022-07-18 23:27:11,21.9747,96.0836,80.69,73,100,10.07
456,Lata,PT,2022-07-18 23:25:58,40.1629,-8.3327,59.59,97,10,1.21
457,Yarovoye,RU,2022-07-18 23:27:11,52.9273,78.58,56.25,81,10,7.61
458,Port-Gentil,GA,2022-07-18 23:27:12,-0.7193,8.7815,73.36,88,40,8.05
459,Alzamay,RU,2022-07-18 23:27:12,55.5562,98.6644,54.66,93,57,2.8
460,Gizo,SB,2022-07-18 23:27:12,-8.103,156.8419,83.19,65,67,5.61
461,Mandalgovi,MN,2022-07-18 23:28:13,45.7625,106.2708,69.94,36,96,9.6
462,Paijan,PE,2022-07-18 23:28:13,-7.7333,-79.3022,60.03,78,29,11.79
463,Uusikaupunki,FI,2022-07-18 23:28:14,60.8004,21.4084,61.25,73,77,0.89
464,Kurumkan,RU,2022-07-18 23:28:14,54.3,110.3,68.58,45,44,3.98
465,Pozo Colorado,PY,2022-07-18 23:28:14,-23.4923,-58.7972,70.11,53,6,9.46
466,Alice Springs,AU,2022-07-18 23:28:15,-23.7,133.8833,51.35,40,68,5.75
467,Brooks,CA,2022-07-18 23:28:15,50.5834,-111.8851,57.18,94,98,10.36
468,Olga,RU,2022-07-18 23:28:15,43.7444,135.2892,68.7,78,90,2.24
469,Luderitz,NA,2022-07-18 23:28:16,-26.6481,15.1594,57.18,86,1,12.82
470,Beirut,LB,2022-07-18 23:26:51,33.8889,35.4944,82.38,78,20,3.44
471,Namangan,UZ,2022-07-18 23:28:16,40.9983,71.6726,79.25,41,0,2.3
472,Roald,NO,2022-07-18 23:28:17,62.5833,6.1333,57.76,82,100,6.91
473,Teguise,ES,2022-07-18 23:28:17,29.0605,-13.564,68.22,83,20,26.46
474,Minggang,CN,2022-07-18 23:28:17,32.4586,114.0486,80.17,77,99,4.47
475,Ostrovnoy,RU,2022-07-18 23:28:18,68.0531,39.5131,53.26,86,5,7.76
476,Balakhta,RU,2022-07-18 23:28:18,55.38,91.6,53.28,89,91,13.15
477,Toma,BF,2022-07-18 23:28:19,12.7667,-2.8833,80.04,71,87,11.95
478,Salatiga,ID,2022-07-18 23:28:19,-7.3319,110.4928,70.39,93,83,2.95
479,Bang Saphan,TH,2022-07-18 23:28:19,11.2126,99.5117,78.44,87,47,7.43
480,Laela,TZ,2022-07-18 23:28:20,-8.5667,32.05,53.65,71,28,3.04
481,Severo-Yeniseyskiy,RU,2022-07-18 23:28:20,60.3725,93.0408,51.03,96,100,2.06
482,Mombetsu,JP,2022-07-18 23:28:21,44.3525,143.3525,66.83,82,84,8.21
483,Ahuimanu,US,2022-07-18 23:28:21,21.4447,-157.8378,85.71,73,100,18.41
484,Ouadda,CF,2022-07-18 23:28:21,8.0777,22.4007,67.95,98,99,3.38
485,Cascais,PT,2022-07-18 23:28:22,38.6979,-9.4215,70.47,72,0,14.0
486,Turkmenabat,TM,2022-07-18 23:28:22,39.0733,63.5786,87.78,25,0,18.41
487,Gorey,IE,2022-07-18 23:28:22,52.6747,-6.2925,67.57,67,100,0.76
488,Longyearbyen,SJ,2022-07-18 23:28:23,78.2186,15.6401,53.44,62,75,10.36
489,Tadine,NC,2022-07-18 23:28:23,-21.55,167.8833,76.23,84,93,8.32
490,Pacific Grove,US,2022-07-18 23:28:24,36.6177,-121.9166,80.55,79,0,10.36
491,Aracati,BR,2022-07-18 23:25:05,-4.5617,-37.7697,77.56,79,10,10.07
492,Port Macquarie,AU,2022-07-18 23:26:13,-31.4333,152.9167,54.9,65,31,11.14
493,San Lawrenz,MT,2022-07-18 23:28:24,36.0553,14.204,78.21,69,0,5.46
494,Namibe,AO,2022-07-18 23:28:25,-15.1961,12.1522,64.8,86,63,3.13
495,Stokmarknes,NO,2022-07-18 23:28:25,68.5646,14.9108,51.78,93,40,3.44
496,Conde,BR,2022-07-18 23:28:25,-7.2597,-34.9075,74.66,88,75,10.36
497,Chirongui,YT,2022-07-18 23:28:26,-12.9319,45.1483,76.93,68,18,20.2
498,Hopelchen,MX,2022-07-18 23:28:26,19.7667,-89.85,98.62,28,58,5.35
499,Krasnokholm,RU,2022-07-18 23:28:26,51.5979,54.1567,79.75,42,75,13.2
500,Souillac,MU,2022-07-18 23:28:27,-20.5167,57.5167,68.38,73,75,20.71
501,Balikpapan,ID,2022-07-18 23:28:27,-1.2675,116.8289,76.19,100,20,3.44
502,Port-Cartier,CA,2022-07-18 23:28:27,50.0334,-66.8654,70.02,78,43,3.44
503,Sainte-Martine,CA,2022-07-18 23:28:28,45.2501,-73.7992,71.85,97,100,2.3
504,Kashi,CN,2022-07-18 23:28:28,39.4547,75.9797,87.01,9,0,20.13
505,La Paz,BO,2022-07-18 23:28:13,-16.5,-68.15,46.38,65,40,5.75
506,Zlitan,LY,2022-07-18 23:28:28,32.4674,14.5687,78.55,70,0,7.16
507,Lafiagi,NG,2022-07-18 23:29:29,8.8667,5.4167,74.57,81,52,5.61
508,Valls,ES,2022-07-18 23:29:29,41.2861,1.2499,75.67,73,0,4.61
509,Baykit,RU,2022-07-18 23:26:01,61.67,96.37,57.16,97,96,5.91
510,Bystryy Istok,RU,2022-07-18 23:29:30,52.371,84.3873,52.29,97,81,6.58
511,Zupanja,HR,2022-07-18 23:29:30,45.0775,18.6975,63.28,32,19,2.91
512,Filadelfia,US,2022-07-18 23:27:03,39.9523,-75.1638,88.27,73,75,16.11
513,Maryville,US,2022-07-18 23:29:07,35.7565,-83.9705,77.14,93,75,9.22
514,Soure,BR,2022-07-18 23:29:31,-0.7167,-48.5233,79.45,80,99,13.15
515,Santa Fe,AR,2022-07-18 23:25:03,-31.6333,-60.7,57.99,66,1,4.0
516,Dongsheng,CN,2022-07-18 23:29:32,39.8161,109.9776,72.03,37,100,14.58
517,Shwebo,MM,2022-07-18 23:29:32,22.5667,95.7,81.21,76,100,10.8
518,Micomeseng,GQ,2022-07-18 23:29:32,2.1462,10.6164,65.62,98,98,2.42
519,Vytegra,RU,2022-07-18 23:29:33,61.0064,36.4481,55.63,81,63,3.78
520,Harper,LR,2022-07-18 23:29:33,4.375,-7.7169,74.44,77,84,10.18
521,Sambava,MG,2022-07-18 23:29:33,-14.2667,50.1667,69.6,79,66,15.95
522,Yen Bai,VN,2022-07-18 23:29:34,21.7,104.8667,80.42,95,100,0.92
523,Nouadhibou,MR,2022-07-18 23:29:34,20.931,-17.0347,71.58,83,22,8.05
524,Nelson Bay,AU,2022-07-18 23:29:34,-32.7167,152.15,50.09,95,99,8.99
525,Khorinsk,RU,2022-07-18 23:29:35,52.1657,109.7726,67.69,45,26,2.3
526,Pokhara,NP,2022-07-18 23:29:35,28.2333,83.9833,73.6,94,98,1.14
527,Mapiripan,CO,2022-07-18 23:29:35,2.8892,-72.1256,76.73,87,84,1.61
528,Buloh Kasap,MY,2022-07-18 23:29:36,2.5536,102.764,75.74,93,69,2.86
529,Tahoua,NE,2022-07-18 23:29:36,14.8888,5.2692,79.29,69,33,14.18
530,Zaysan,KZ,2022-07-18 23:29:36,47.4667,84.8667,58.55,45,0,8.43
531,Rudbar,AF,2022-07-18 23:29:37,30.15,62.6,91.09,17,1,9.06
532,La Palma,US,2022-07-18 23:29:37,33.8464,-118.0467,102.49,55,20,13.8
533,Camana,PE,2022-07-18 23:29:38,-16.6228,-72.7111,62.02,80,77,8.61
534,Soc Trang,VN,2022-07-18 23:29:38,9.6033,105.98,77.04,93,100,5.14
535,Kidal,ML,2022-07-18 23:29:39,18.4411,1.4078,83.25,52,98,21.14
536,Dan Khun Thot,TH,2022-07-18 23:29:39,15.2085,101.7714,78.91,77,42,7.58
537,Ihosy,MG,2022-07-18 23:29:39,-22.4,46.1167,58.78,89,79,11.9
538,Dalianwan,CN,2022-07-18 23:29:40,39.0286,121.695,80.64,65,0,8.95
539,Corowa,AU,2022-07-18 23:29:40,-36.0333,146.3833,38.57,97,2,5.39
540,Camacha,PT,2022-07-18 23:29:40,33.0833,-16.3333,65.62,77,40,8.05
541,Barh,IN,2022-07-18 23:29:41,25.4833,85.7167,87.1,64,100,5.61
542,Mount Gambier,AU,2022-07-18 23:29:42,-37.8333,140.7667,39.11,100,100,0.0
543,Karratha,AU,2022-07-18 23:29:43,-20.7377,116.8463,66.18,68,2,7.49
544,Toamasina,MG,2022-07-18 23:29:44,-18.1667,49.3833,68.0,94,75,6.91
545,Kaifeng,CN,2022-07-18 23:29:46,34.7911,114.3483,81.23,63,100,4.47
546,Panipat,IN,2022-07-18 23:29:46,29.3889,76.9681,90.16,54,83,5.46
547,Skibbereen,IE,2022-07-18 23:29:47,51.55,-9.2667,67.1,85,98,8.61
548,Mwene-Ditu,CD,2022-07-18 23:29:47,-7.0,23.45,74.07,35,86,4.0
549,Ishigaki,JP,2022-07-18 23:29:48,24.3448,124.1572,86.13,84,75,14.97
550,Takoradi,GH,2022-07-18 23:29:48,4.8845,-1.7554,74.25,83,81,9.31
551,Canico,PT,2022-07-18 23:29:43,32.6333,-16.85,71.71,82,40,9.22
552,Juigalpa,NI,2022-07-18 23:30:49,12.1063,-85.3645,82.31,74,40,6.91
553,Snyder,US,2022-07-18 23:30:49,32.7179,-100.9176,107.1,15,0,4.61
554,Mutsu,JP,2022-07-18 23:30:49,41.2894,141.2169,77.09,72,18,3.87
555,Primo Tapia,MX,2022-07-18 23:30:50,32.22,-116.9172,77.95,65,16,8.25
556,Lasa,IT,2022-07-18 23:30:50,46.6166,10.7002,72.48,84,73,1.7
557,Muravlenko,RU,2022-07-18 23:30:50,63.7898,74.523,61.47,61,74,11.72
558,Dwarka,IN,2022-07-18 23:30:51,22.2394,68.9678,81.37,83,96,12.35
559,Mahibadhoo,MV,2022-07-18 23:30:51,3.7833,72.9667,82.11,76,99,16.24
